country;scode;mth;day;year;success;leader;deaths;arc;
Haiti;HAI;1;11;1946;1;Col. Franck Lavaud, Maj. Paul Magliore;;;
Uruguay;URU;7;1;1946;3;Col. Esteban Christi;0;;
Portugal;POR;10;10;1946;2;Adm. Jose Mendes Cabecadas;0;;
Hungary;HUN;12;31;1946;4;Col-Gen. Lajos Dalnoki-Veress;0;;
Nicaragua;NIC;5;25;1947;1;Gen. Somoza;0;;
Italy;ITA;6;22;1947;3;Giuseppi Pizzirani, underground facsist organization ;0;;
France;FRN;6;30;1947;3;"Count Edmé-Henri de Vulpian, ""Black Maquis""";0;;
Romania;RUM;7;29;1947;4;National Peasant Party;0;;
Bulgaria;BUL;8;5;1947;4;Nikola Petkoff;1;;
Ecuador;ECU;9;2;1947;2;Col. Carlos Mancheno;999;;
Czechoslovakia;CZE;9;13;1947;4;"Slovak ""Hlinka Guard"" and others";999;;
Thailand;THI;11;8;1947;1;Marshal Luang Pibul Songgram;0;;
Thailand;THI;11;16;1947;4;unspecified;999;;
Hungary;HUN;12;31;1947;4;Army officers and members of the Smallholders' Party;0;;
United States;USA;1;21;1948;3;American Communist Party;0;;
Czechoslovakia;CZE;2;23;1948;4;Jan Ursiny, Czech national Socialist Party;0;;
Czechoslovakia;CZE;2;25;1948;1;Klement Gottwald;0;1;
Philippines;PHI;3;6;1948;4;Hukbalaha organization;0;;
Paraguay;PAR;4;11;1948;4;Communists, Liberals, and Frebreristas;999;;
Paraguay;PAR;6;3;1948;1;Army, unspecified;0;;
Burma (Myanmar);MYA;8;9;1948;2;1st Burma Rifles;999;;
Thailand;THI;10;1;1948;3;Thawi Bunyaket, Nai Dirak Jayanama;999;;
Peru;PER;10;4;1948;2;Paul Haya de la Torre, Apristas;999;;
Paraguay;PAR;10;25;1948;2;Gen. Stroessner;999;;
Peru;PER;10;29;1948;1;Gen. Manuel Odria;0;1;
Chile;CHL;10;31;1948;3;Gen. Carlos Ibanez;0;;
Venezuela;VEN;11;23;1948;1;Lt.Col. Jimenez, Lt.Col. Carlos Delgaro Chalbaud;0;;
Costa Rica;COS;12;11;1948;2;Former President Rafael Calderon;999;;
El Salvador;SAL;12;14;1948;1;Col. Manuel de Cordoba;999;;
Paraguay;PAR;12;30;1948;1;Gen. Raimundo Rolon;0;;
El Salvador;SAL;1;6;1949;1;Maj. Oscar Osorio;0;;
Thailand;THI;2;24;1949;2;Nai Direk Jayanama, Thongin Phuriphat, Thongplaew Cholaphum, Chamlong Daoruang, Thawin Udon;16;;
Paraguay;PAR;2;26;1949;1;unspecified;0;;
Syria;SYR;3;30;1949;1;Col. Husni Zaim;0;;
France;FRN;6;2;1949;3;"Col. Delore, ""Whitsun Plot""";0;;
Hungary;HUN;6;16;1949;4;Laszlo Rajk, Tibor Szonyi, Andras Szalai;3;;
Lebanon;LEB;7;7;1949;3;Antoun Saadeh, Syrian National Party;999;;
Syria;SYR;8;14;1949;1;Col. Sami Hinnawi;2;;
Czechoslovakia;CZE;8;30;1949;3;Dr. Jaroslav Berkovec, Emanuel Cancik, Vratislav Polesny, and others;6;;
Panama;PAN;11;20;1949;1;Lt-Col. Jose Remon;3;;
Czechoslovakia;CZE;3;18;1950;3;Leading members of Catholic religious orders;0;;
Haiti;HAI;5;10;1950;1;Col. Franck Lavaud, Maj. Paul Magliore;0;1;
Nepal;NEP;9;24;1950;3;"Sunder Raj Chalise, ""Nepali Congress""";999;;
Czechoslovakia;CZE;2;25;1951;4;Vladimir Clementis, Otto Sling, Marie Svermova;999;;
Pakistan;PKS;3;9;1951;3;Maj-Gen. Akbar Khan, Faiz Ahmed Faiz, Brig. M. A. Latif;0;;
Panama;PAN;5;8;1951;2;Pres. Arnulfo Arias;12;;
Greece;GRC;5;31;1951;2;supporters of Field-Marshal Papagos;0;;
Thailand;THI;6;29;1951;2;Adm. Jalit Kulamkathorn, Naval forces;999;;
Argentina;ARG;9;28;1951;2;Gen.Arturo Rawson, Gen. Benjamin Menendez;2;;
Syria;SYR;11;28;1951;1;Col. Adib Shishakli;0;1;
Thailand;THI;11;29;1951;1;Gen. Phin Chunhawan;0;;
Cuba;CUB;3;10;1952;1;Gen. Fulgencio Batista;2;1;
Egypt;EGY;7;23;1952;1;Gen. Mohammed Naguib;0;1;
Bolivia;BOL;8;28;1952;3;National Falangistas;0;;
El Salvador;SAL;9;23;1952;4;Communists;999;;
Indonesia;INS;10;17;1952;2;Gen. Nasution, Gen. Simatupang;0;;
Thailand;THI;11;10;1952;4;Kularb Saipardit, communists;0;;
Syria;SYR;12;29;1952;4;Maj-Gen. Bannud, Lt-Col. Kareem, Mahmoud Shawkat, Akram Haurani, Michel Aflak, Salah-ed-Din Bitar;0;;
Egypt;EGY;1;16;1953;4;25 Army officers;999;;
Colombia;COL;6;13;1953;1;Gen. Gustavo Rojas Pinilla;0;;
Iran;IRN;8;16;1953;2;Col. Nasiri, Imperial Guard;0;;
Iran;IRN;8;19;1953;1;Gen. Zahedi, Army;800;1;
Bolivia;BOL;11;9;1953;2;National Falangistas;21;;
Syria;SYR;2;25;1954;1;unspecified;0;;
Egypt;EGY;4;28;1954;3;16 Army officers;0;;
Paraguay;PAR;5;5;1954;1;Gen. Stroessner;10;;
Guatemala;GUA;6;27;1954;1;Col. Carlos Castillo Armas (US CIA Operation PBSUCCESS);999;1;
Peru;PER;8;10;1954;4;Gen. Zenon Noiega Aguero;0;;
Egypt;EGY;11;14;1954;3;Gen. Naguib, Dr. el-Hodeiby (Muslim Brotherhood);6;;
Panama;PAN;1;2;1955;2;First Vice Pres. Jose Remon Guizado;1;;
Costa Rica;COS;1;11;1955;2;Former President Rafael Calderon;999;;
Guatemala;GUA;1;20;1955;2;Col. Francisco Cosenza;999;;
North Yemen;YAR;4;5;1955;2;Seif el Islam Abdullah, Seif el Islam Abbas;999;;
Syria;SYR;4;22;1955;3;Syrian Populist Party;1;;
Argentina;ARG;6;16;1955;2;Rear-Adm. Anibal Olivieri, Rear-Adm. Toranzo Calderón, Vice-Adm. Benjamin Gargiulo;300;;
Argentina;ARG;9;16;1955;1;Military junta led by Gen. Domiago Molina;500;;
Brazil;BRA;11;11;1955;1;Gen. Teixeira Lott;0;;
Argentina;ARG;11;13;1955;1;Gen. Pedro Eugenio Aramburu;0;;
Paraguay;PAR;12;21;1955;3;Epifanio Méndez Fleitas, police ;0;;
Argentina;ARG;6;10;1956;2;Gen. Juan José Valle, Gen. Raúl Tanco;240;;
Thailand;THI;9;16;1956;1;Marshal Sarit Thanarat, Marshal Thanom Kittikachorn;0;;
Indonesia;INS;10;9;1956;4;unspecified;0;;
Honduras;HON;10;21;1956;1;Gen. Roque Rodriguez, Col. Hector Carraeioli, Maj. Roberto Galves Barnes;0;;
Indonesia;INS;11;16;1956;2;Col. Lubis;0;;
Jordan;JOR;4;13;1957;3;Maj-Gen. Abu Nuwar;999;;
Haiti;HAI;6;14;1957;1;Gen. Kebreau;0;;
Guatemala;GUA;10;24;1957;1;Col. Oscar Mendoza Azurdia, Col. Guillermo Flores Avendano, Gen. Miguel Ydigoras Fuentes;0;;
Egypt;EGY;3;5;1958;3;Ahmed Mortada el-Maraghi, Hussein Khairy, Mahmoud Namek;0;;
Iraq;IRQ;7;14;1958;1;Brig. Abdul Karim Kassem;999;;
Haiti;HAI;7;;1958;2;unspecified;999;;
Venezuela;VEN;9;7;1958;2;Lt-Col. Juan Moncada, Lt-Col. Jose Mendoza;20;;
Burma (Myanmar);MYA;9;22;1958;4;members of People's Comrade Party;999;;
Thailand;THI;10;20;1958;1;Field Marshal Sarit Thanarat;0;;
Pakistan;PKS;10;28;1958;1;Gen. Mohammed Ayub Khan;0;1;
Sudan;SUD;11;17;1958;1;Khalil;999;1;
Iraq;IRQ;12;8;1958;3;Col. Abdul Salam Aref, Rashid Ali el-Gailani;16;;
Iraq;IRQ;3;10;1959;2;Col. Abdul Wahab al-Shawaf;999;;
Jordan;JOR;3;15;1959;3;Maj-Gen. Sadden Shareh;3;;
Panama;PAN;4;20;1959;3;Roberto Arias, Margot Fonteyn;0;;
Sudan;SUD;5;21;1959;2;Brig. Abdul Rahim Shenan, Brig. Moheiddin Ahmed Abdullah;0;;
Sudan;SUD;11;9;1959;2;dissident military;999;;
Turkey;TUR;5;27;1960;1;Gen. Cemal Gursel;3;;
Argentina;ARG;6;13;1960;2;Gen. Fortunato Giovannoni;0;;
Laos;LAO;8;9;1960;1;Capt. Kong Le;0;;
D. R. Congo (Zaire);ZAI;9;14;1960;1;Pres. Kasavubu;999;;
Nepal;NEP;10;8;1960;2;Prince Om Jung;0;;
El Salvador;SAL;10;26;1960;1;Col. Cesar Yanes Urias;0;;
Nepal;NEP;10;;1960;2;a Hindu yogi;0;;
South Vietnam;RVN;11;11;1960;2;Col. Vuong Van Dong, Col. Nguyen Chanh Thi;3000;;
Guatemala;GUA;11;13;1960;2;Marco Antonio Yon Sosa, Luis Augusto Turcios Lima;999;;
Ethiopia;ETH;12;14;1960;2;Gen. Mengistu Newaye, Germain Newaye, Col. Workineh Gebeheyu, Getachew Bekele;331;;
Nepal;NEP;12;15;1960;1;King Mahendra;0;1;
El Salvador;SAL;1;25;1961;1;Portillo;10;;
South Korea;ROK;5;16;1961;1;LTG Chang Do Yung (formed cabinet);999;1;
Dominican Republic;DOM;5;30;1961;2;US-supported assassination of Trujillo;4;;
Argentina;ARG;8;11;1961;2;dissident officers of Air Force;0;;
Syria;SYR;9;28;1961;1;"army; Al-kuzbari";999;;
Ghana;GHA;10;3;1961;4;Victor Yaw de Grant Brempong, United Party and labor leaders;0;;
Guinea;GUI;11;;1961;4;unspecified;0;;
Somalia;SOM;12;10;1961;2;Hassan Kayd;999;;
Lebanon;LEB;12;31;1961;2;Syrian Social Nationalist Party and a few army officers;999;;
Dominican Republic;DOM;1;16;1962;2;Gen. Rodriguez Echevarria;0;;
Sri Lanka;SRI;1;27;1962;3;C. C. Dissanayake, Col. Maurice de Mel, Col. F. C. de Saram;0;;
Turkey;TUR;2;22;1962;2;cadets of Ankara War College;999;;
Burma (Myanmar);MYA;3;2;1962;1;Gen. Ne Win;1;1;
Syria;SYR;3;28;1962;2;Brig-Gen Nahalawi, Brig-Gen. Assassa, Brig-Gen. Dahman;999;;
Argentina;ARG;3;29;1962;1;"Gen. Raúl Poggi,""Gorillas"" ultraconservatives";0;;
Peru;PER;7;18;1962;1;incl. Gen. Perez Godoy;0;;
Syria;SYR;7;29;1962;3;Nasserites;0;;
Ghana;GHA;8;2;1962;2;Ako Adjei, Tawiah Adamafio, H. H. Cofie-Crabbe;5;;
North Yemen;YAR;9;27;1962;1;Col. Abdullah Sallal;12;;
Nigeria;NIG;10;1;1962;3;Chief Enahoro, Samuel Ikoka, Aye Adabaujo;0;;
Senegal;SEN;12;17;1962;2;PM M. Mamadou Dia;0;;
Tunisia;TUN;12;19;1962;3;Capt. Kbair Maherzi, Com. Salah Ben Said, Lashar Chirati, Habib Hidni;10;;
Togo;TOG;1;13;1963;1;Sgt.Maj. Emmanuel Bodjolle;1;;
Iraq;IRQ;2;8;1963;1;Col. Abdul Karim Mustapha Nasrat;4;;
Peru;PER;3;3;1963;1;Gen. Nicholas Lindley;0;;
Syria;SYR;3;8;1963;1;"Gen. Atassi; Amin al Hafiz";0;;
Argentina;ARG;3;11;1963;3;Brig. Alsina;0;;
Chad;CHA;3;22;1963;3;Nassour, Abdelkrim, Alatchimi, Bono, Hassane, Kosso, and 86 others;0;;
Guatemala;GUA;3;30;1963;1;Col. Enruque Peralta;0;;
Argentina;ARG;4;2;1963;2;Gen. Menendez, Gen. Toranzo;0;;
Syria;SYR;4;8;1963;4;Nasserites;0;;
Togo;TOG;4;9;1963;4;"Noel Kutuklui; United Togolese party";0;;
Turkey;TUR;5;20;1963;2;Col. Aydemir;7;;
Ecuador;ECU;7;11;1963;1;Capt. Ramon Castro Jijon, Col. Luis Cabrera Sevilla, Lt-Col. Manuel Freile, Col. Marcos Gandara;3;1;
Morocco;MOR;7;;1963;4;number of UNFP leaders;0;;
Syria;SYR;7;;1963;2;Nasserites;999;;
Congo-Brazzaville;CON;8;15;1963;1;Debat;0;;
Dominican Republic;DOM;9;25;1963;1;Gen. Victor Elby Vinas Roman;0;;
Honduras;HON;10;3;1963;1;Col. Osvaldo Lopez Arellano;999;;
Benin;BEN;10;28;1963;1;Gen. Christophe Soglo;999;1;
South Vietnam;RVN;11;1;1963;1;LTG Duong Van Minh;36;;
Iraq;IRQ;11;18;1963;1;Gen. Abdul Aref;200-500;;
Tanzania;TAZ;1;19;1964;2;unspecified;999;;
South Vietnam;RVN;1;30;1964;1;Gens. Nguyen Khanh & Tran Thien Khiem;0;;
Gabon;GAB;2;18;1964;2;Jean-Hilaire Aubame;999;;
Brazil;BRA;4;1;1964;1;Castello Branco;0;1;
Laos;LAO;4;19;1964;1;Gens. Khouprasith Abhay & Siho Lanphouthcoul;2;;
Togo;TOG;7;4;1964;3;"Theophile Mally; Maj. Bodjolle";0;;
Iraq;IRQ;9;5;1964;2;BG Bakr;0;;
South Vietnam;RVN;9;13;1964;2;MG Duong Van Duc;999;;
Bolivia;BOL;11;4;1964;1;Gen. Rene Barrientos;0;;
South Vietnam;RVN;1;27;1965;1;Gen. Nguyen Khanh;999;;
Laos;LAO;1;31;1965;2;Col. Bounleuth Sykosy;60;;
Togo;TOG;1;;1965;4;Eight military men;0;;
South Vietnam;RVN;2;19;1965;2;Col. Pham Ngoc Thao;999;;
Bulgaria;BUL;4;7;1965;3;incl. Tsolo Krustev Kamanov, MG Tsvetko Anev, Ivan Todorov-Gorunya;0;;
Dominican Republic;DOM;4;25;1965;1;Col. Francisco Caamano;0;;
Benin;BEN;5;20;1965;3;"Valentin Djibude Aplogan and ""Committee of 104""";0;;
South Vietnam;RVN;6;11;1965;1;Gen. Nguyen Van Thien;0;;
Algeria;ALG;6;19;1965;1;Col. Houari Boumedienne, Col. Tahar Zbiri, Abdel Aziz Bouteflika, Col. Sael al-Boublider, Col. Ahmed Boudjenane;0;;
Iraq;IRQ;6;23;1965;2;unspecified;0;;
Iraq;IRQ;6;30;1965;2;unspecified;0;;
Iraq;IRQ;8;21;1965;2;Col. Salem al Fakhry;0;;
Egypt;EGY;8;29;1965;3;Sayed Kotb, Yusuf Hawash, Abdul Fattah Ismail;3;;
Iraq;IRQ;8;;1965;2;unspecified;0;;
Iraq;IRQ;9;16;1965;2;Brig. Aref Abdul Razzak;999;;
Indonesia;INS;10;1;1965;2;Lt.Col. Untung, 30th September Movement;115000;;
Burundi;BUI;10;18;1965;2;Antoine Serukwaku;101;;
Guinea;GUI;11;9;1965;4;unspecified;0;;
Chad;CHA;11;19;1965;3;Robert Delsia Soussia, Mahamat Baroud, Mahamat el Goni;0;;
Dominican Rep.;DOM;11;22;1965;2;Alcibiades Espinoza;0;;
D. R. Congo (Zaire);ZAI;11;25;1965;1;Gen. Mobutu;999;1;
Benin;BEN;12;22;1965;1;Gen. Soglo;0;1;
Central African Rep.;CEN;1;1;1966;1;Col. Jean Bedel Bokassa;8;;
Burkina Faso;BFO;1;3;1966;1;LTC Sangoule Lamizana;0;;
Nigeria;NIG;1;15;1966;1;Maj. Nzeogwu;10;1;
Syria;SYR;2;23;1966;1;Gen. Assad, Col. Suidan;41;;
Ghana;GHA;2;24;1966;1;Maj-Gen. Joseph Ankrah;27;;
Indonesia;INS;3;12;1966;1;Gen. Suharto;999;;
Ecuador;ECU;3;29;1966;1;High Command of the Armed Forces;0;;
Argentina;ARG;6;28;1966;1;Gen. Pistarini, Adm. Varela, BG Alvarez;0;1;
Iraq;IRQ;6;30;1966;2;BG Aref Abdul Razzak;2;;
Burundi;BUI;7;8;1966;2;Prince Charles Ndizeye;0;;
Nigeria;NIG;7;29;1966;1;"Lt. Col Yakubu Gowon; Hausa army officers";30;;
Syria;SYR;9;8;1966;2;Col. Selim Hatoum;0;;
Laos;LAO;10;21;1966;2;Brig.Gen. Thao Ma;36;;
Togo;TOG;11;20;1966;2;"M. Kutuklui; Benoit Malou; Pierre Adossama";0;;
Burundi;BUI;11;28;1966;1;Capt. Michel Micombero;999;;
China;CHN;12;4;1966;3;Peng Chen, Lo Jui-ching, Lu Ting-yi, Yang Shang-kun;0;;
Sudan;SUD;12;28;1966;2;Lt. Khalid Hussein Osman, Col. Gaafar Nimeira, Communist Party;999;;
Togo;TOG;1;13;1967;1;LTC Etienne Eyadema;0;;
Nicaragua;NIC;1;22;1967;2;Dr. Fernando Aguero Rocha;34;;
Ghana;GHA;1;23;1967;3;Kwame Nkrumah, Baffour Awuah, Sidi Ali, Osei Poku, Lt. Owusu Gyima, Lt. A. Sulemana;0;;
Sierra Leone;SIE;2;1;1967;3;Siaka Stevens;0;;
Congo-Brazzaville;CON;2;26;1967;3;Defense civile;0;;
Sierra Leone;SIE;3;21;1967;1;"Brig. David Lansana; National Reformation Council (army officers): Maj. Charles Blake, Lt.Col. Ambrose Patrick Genda, William Leigh, Lt.Col. Andrew Juxon-Smith";999;1;
Ghana;GHA;4;17;1967;2;Lt. Sam Arthur, Lt. Moses Yeboah;5;;
Greece;GRC;4;21;1967;1;"army; Kollias";0;1;
Tanzania;TAZ;7;21;1967;4;Eli Anangisye, Kassim Hanga;0;;
Egypt;EGY;8;27;1967;3;Shamseddin Badran, Abbas Radwan, Lt.Col. Haridi, Osman Nasser, Salah Nasr;0;;
North Yemen;YAR;11;4;1967;1;LTC Iriani, LIC al Rohoumi, Col. Baider;0;;
Greece;GRC;12;13;1967;2;King Constantine;999;;
Algeria;ALG;12;15;1967;2;Col. Tahar Zbiri, Abdel Aziz Zerdani;999;;
Benin;BEN;12;17;1967;1;Alley;999;;
Congo-Brazzaville;CON;1;17;1968;2;unknown;999;;
Guinea;GUI;2;16;1968;3;National Liberation Front;999;;
North Yemen;YAR;3;22;1968;3;Popular Resistance Forces;0;;
Sierra Leone;SIE;4;18;1968;1;Stevens;999;;
Congo-Brazzaville;CON;5;13;1968;2;commando group;0;;
Haiti;HAI;5;20;1968;2;invasion by exile group;999;;
Iraq;IRQ;7;17;1968;1;Col. Abdul Razzak al Nayef;0;;
Congo-Brazzaville;CON;8;2;1968;2;Capt. Marien Ngouabi, Lt. Poignet;999;;
Bolivia;BOL;8;21;1968;2;Gen. Ovando;0;;
Congo-Brazzaville;CON;9;4;1968;1;Capt. Ngouabi, Capt. Raoul;0;;
Peru;PER;10;3;1968;1;Gen. Juan Velasco Alvarado;0;1;
Iraq;IRQ;10;6;1968;2;Gen. Abdul Hadi al Rawi, Gen. Razzak;999;;
Panama;PAN;10;12;1968;1;LTC Omar Torrijos;0;1;
India;IND;10;30;1968;2;Gen. Zeheto;0;;
Mali;MLI;11;19;1968;1;Lt. Moussa Traore;999;;
North Yemen;YAR;1;26;1969;4;Maj. Abdel Raqeb Abdul Wahab;40;;
Equatorial Guinea;EQG;3;5;1969;2;Sr. Ndongo;0;;
Guinea;GUI;3;10;1969;3;M. Foderba Keita and Col. Kaman Diaby;999;;
Central African Rep.;CEN;4;10;1969;2;LTC Banza;0;;
Togo;TOG;5;15;1969;4;Bonito Herbert Olympio;0;;
Sudan;SUD;5;25;1969;1;Col. Jaafar Mohammed al Nemery;0;1;
Cameroon;CAO;5;;1969;3;Celestin Takala, Gabriel Tabeu, Ernest Ouandie, Bishop Albert Ndongmo;3;;
South Yemen;YPR;6;22;1969;1;Salem Rubayyi, Mohammed Ali Haithem, Mohammed Ali al Aulaqi;0;;
Sudan;SUD;7;20;1969;3;"""Free Blacks""";0;;
Sudan;SUD;7;26;1969;3;unspecified;0;;
Mali;MLI;8;12;1969;2;unspecified;0;;
Sudan;SUD;8;17;1969;3;Abdalla Abderrahman Nugdalla;0;;
Libya;LIB;9;1;1969;1;Free Officers Movement, Capt. Gadhafi;0;;
Bolivia;BOL;9;26;1969;1;Gen. Alfredo Ovando Candia;0;;
Tanzania;TAZ;10;11;1969;3;Oscar Kambona, Bibi Titi Mohammed, Gray Likungu Mattaka, John Dunstan Chipaka;0;;
Somalia;SOM;10;21;1969;1;Gen. Mohammed Siad Barre, Revolutionary Council;0;1;
Congo-Brazzaville;CON;11;8;1969;2;M. Bernard Kolela;0;;
Benin;BEN;12;10;1969;1;Lt.Col. Maurice Kouandete, Lt.Col. Benoit Sinzogan;999;;
Panama;PAN;12;14;1969;2;Col. Silvero & LTC Sanjur;0;;
Libya;LIB;12;;1969;3;Col. Adam Said Hawaz, Col. Mousa Ahmad;0;;
Sudan;SUD;1;7;1970;3;Brig. (retr) Abdullah Mohammed Aden;0;;
Iraq;IRQ;1;20;1970;3;Maj.Gen. Abdul Ghani al Rawi;999;;
Lesotho;LES;1;30;1970;1;Chief Jonathan;999;1;
Cambodia;CAM;3;18;1970;1;Lon Nol;999;;
Congo-Brazzaville;CON;3;23;1970;2;Lt. Pierre Kikanga;32;;
Sudan;SUD;3;30;1970;2;"Imam el Hadi el Mahdi; Ansar sect";150;;
Kenya;KEN;4;8;1970;4;Daniel Owino;0;;
Haiti;HAI;4;24;1970;2;Col. Octave Cayard, Rameau Estime, Joseph Charles Clemard;26;;
Somalia;SOM;4;27;1970;3;Gens. Korshel, Guled, Kedie and others;29;;
Argentina;ARG;6;8;1970;1;"junta leaders; Levingston";0;;
Oman;OMA;7;23;1970;1;Qabas bin Said;0;;
Togo;TOG;8;8;1970;2;Noel Kutuklui;2;;
Bolivia;BOL;10;5;1970;2;Gen. Miranda;0;;
Bolivia;BOL;10;6;1970;1;Gen. Juan Jose Torres;0;;
Sierra Leone;SIE;10;;1970;4;unspecified;0;;
Syria;SYR;11;13;1970;1;Gen. Assad;0;;
Guinea;GUI;11;22;1970;2;Guinean exiles in GNB;999;;
Bolivia;BOL;1;10;1971;2;Col. Banzer, Col. Valencia;0;;
Uganda;UGA;1;25;1971;1;MG Idi Amin;75;;
Turkey;TUR;3;12;1971;1;Military Commanders;0;1;
Argentina;ARG;3;22;1971;1;LTG Lausse, Adm. Gnavi, BG Rey;0;;
Sierra Leone;SIE;3;23;1971;2;BG John Bangura;2;;
Mali;MLI;4;8;1971;4;Capt. Yoro Diakite, Capt. Malik Diallo;0;;
Egypt;EGY;5;13;1971;3;V.Pres. Ali Sabry, Gen. Fawzi;0;;
Morocco;MOR;7;10;1971;2;Gen. Mohammed Medbouh;90;;
Sudan;SUD;7;19;1971;2;Maj. Hashem el Atta;50;;
Bolivia;BOL;8;22;1971;1;Col. Hugo Banzer;70;;
Chad;CHA;8;26;1971;2;Ahmed Abdallah;999;;
Argentina;ARG;10;;1971;2;unspecified;0;;
Thailand;THI;11;17;1971;1;Field Marshal Thanom Kittikachorn;0;1;
Ghana;GHA;1;13;1972;1;LTC Ignatius Kutu Acheampong;0;1;
Ecuador;ECU;2;15;1972;1;BG Guillermo Rodriguez Lara;0;1;
Congo-Brazzaville;CON;2;22;1972;2;M. Ambroise Noumazalay;1;;
Qatar;QAT;2;22;1972;1;Sheikh Khalifa bin Hamad al Thani;0;;
Benin;BEN;2;23;1972;2;Col. Maurice Kouandete;1;;
El Salvador;SAL;3;25;1972;2;Col. Benjamin Mejia, Jose Napolean Duarte;100;;
Burundi;BUI;5;;1972;4;unspecified;100000;;
Morocco;MOR;8;16;1972;2;Air Force fighters;8;;
Benin;BEN;10;26;1972;1;Maj. Mathieu Kerekou;0;1;
Jordan;JOR;11;;1972;4;Col. Rafei Hindawi;999;;
Honduras;HON;12;4;1972;1;Gen. Osvaldo Lopez Arellano;0;;
Sudan;SUD;1;26;1973;4;Brig (retd) Shenan;0;;
Benin;BEN;2;28;1973;3;Col. Alphonse Alley, Maj. Jean-Baptiste Hacheme, Maj. Ibrahim Chafi;0;;
Chile;CHL;6;29;1973;2;Col. Roberto Souper Onfray, Dr. Pablo Rodgriguez Grez, Benjamin Matte;22;;
Iraq;IRQ;6;30;1973;2;Col. Nazem Kazzar;1;;
Rwanda;RWA;7;5;1973;1;Gen. Juvenal Habyalimana;0;;
Afghanistan;AFG;7;17;1973;1;LTG Sardar Mohammed Daud Khan;8;;
Laos;LAO;8;20;1973;2;BG Thao Ma, Col. Bounleuth;20;;
Chile;CHL;9;11;1973;1;"leaders of Army, Navy, AF, & National Police; Gen. Pinochet";999;1;
Afghanistan;AFG;9;20;1973;2;Mohammed Maiwandwal, Gen. Abdul Razak, Gen. Khan Mohammed;0;;
Greece;GRC;11;25;1973;1;LTG Phaedon Ghizikis;0;;
Afghanistan;AFG;11;30;1973;2;Gen. Mir Ahmed Shah;999;;
Italy;ITA;12;7;1973;4;?Prince Borghese?;0;;
Afghanistan;AFG;12;;1973;2;not specified;0;;
Lesotho;LES;1;7;1974;2;Basutoland Congress Party;200;;
Bolivia;BOL;1;30;1974;4;Gen. Fladio Sanchez Gironda;0;;
Uganda;UGA;3;23;1974;2;BG Charles Arupe (in question);50;;
Niger;NIR;4;15;1974;1;LTC Seymi Kountche;20;;
Portugal;POR;4;25;1974;1;Gen. Antonio Spinola;10;;
Bolivia;BOL;6;5;1974;2;Ciro Humboldt, Carlos Valverde;0;;
North Yemen;YAR;6;13;1974;1;Col. Ibrahim Mohammed al Hamadi;0;;
Italy;ITA;7;9;1974;4;unspecified;0;;
Cyprus;CYP;7;15;1974;1;"military coup; Sampson, Clerides";999;;
Italy;ITA;8;;1974;4;unspecified;0;;
Ethiopia;ETH;9;12;1974;1;"Derg; Andom Banti";999;;
Portugal;POR;9;28;1974;2;Gen. Spinola;0;;
Bolivia;BOL;11;7;1974;2;Gen. Julio Prude Salmon;10;;
Ethiopia;ETH;11;23;1974;1;Derg: Gen. Tafari Banti, Major Mengistu;60;;
Central African Rep.;CEN;11;;1974;2;incl. Gen. Lingoupon;0;;
Madagascar;MAG;12;31;1974;2;Col. Brechard Rajaonarison;0;;
Benin;BEN;1;22;1975;2;Capt. Janvier Assogba, Dr. Emile Derlin Zinsou, and others;999;;
Portugal;POR;3;11;1975;2;Capt.  Sebastiao Martins;1;;
Guinea-Bissau;GNB;3;30;1975;3;unspecified;0;;
Chad;CHA;4;13;1975;1;Gen. Noel Odingar, Lt. Dimtoloum;999;;
Honduras;HON;4;22;1975;1;unspecified;999;;
Nigeria;NIG;7;29;1975;1;Gen. Murtala Ramat Mohammed;0;;
Portugal;POR;7;31;1975;4;unspecified;0;;
Niger;NIR;8;2;1975;3;Maj. Souna Sido, Dilbo Bakary, Maitourane Gadjio;0;;
Comoros;COM;8;3;1975;1;Bob Denard, Said Mohammed Jaffar, Ali Soilih;999;1;
Libya;LIB;8;5;1975;3;Maj. Abdel Fattah Yunis, Maj. Meheishi, Maj. Bashir Hawwadi;0;;
Bangladesh;BNG;8;15;1975;1;Maj. Shariful Huq Dalim;9;1;
Peru;PER;8;29;1975;1;Gen. Francisco Morales Bermudez;0;;
Ecuador;ECU;9;1;1975;2;Gen. Raul Gonzalez Alvear;20;;
Sudan;SUD;9;5;1975;2;"military; joined by communist and religious groups";999;;
Uganda;UGA;9;9;1975;2;Lt. Col. Gori;999;;
Cambodia;CAM;9;;1975;2;not known;999;;
Benin;BEN;10;18;1975;4;Dr. Emile Derlin Zinsou;999;;
Bangladesh;BNG;11;7;1975;2;Brig. Khalid Musharaf;200;;
Portugal;POR;11;25;1975;2;Gens. Carualho and Fabiao;5;;
Mozambique;MZM;12;18;1975;2;unspecified;6;;
Ecuador;ECU;1;11;1976;1;VADM Alfredo Poveda Burbano, Col. Luis Guillermo Duran Arcentales, G. Luis Leoro Franco;0;;
Nigeria;NIG;2;13;1976;2;LTC Bukar Dimka;6;;
Niger;NIR;3;15;1976;2;Maj. Basere Moussa, Capt. Sidi Mohamed, Ahmed Mouddour;30;;
Lebanon;LEB;3;16;1976;2;Brig. Abdul-Aziz Ahdab, Maj.Gen. Saeed, Lt. Khatib;999;;
Argentina;ARG;3;24;1976;1;Gen. Jorge Rafael Videla;999;1;
Peru;PER;3;;1976;3;unspecified;0;;
Comoros;COM;4;2;1976;3;Ali Mroudjae, Sald Hachim, Sald Bakar Tourqui;0;;
Chad;CHA;4;13;1976;2;Hassan Abakar Adef (Frolinat);12;;
Cambodia;CAM;4; ;1976;2;unspecified;999;;
Uruguay;URU;6;12;1976;1;Uruguayan armed forces;0;;
Burma (Myanmar);MYA;7;2;1976;3;incl. Capts. Ohn Kyaw Myint, Win Thein, & Tun Kyaw;0;;
Sudan;SUD;7;2;1976;2;incl. Capt. Bushra Abdullah, BG Mohammed Nur Saad;1000;;
Cambodia;CAM;9;;1976;2;unspecified;999;;
Thailand;THI;10;6;1976;1;incl. Adm. Sa-ngad, Gen. Kriangsak, Air Chief Marshal Kamol;999;1;
Burundi;BUI;11;1;1976;1;LTC Jean-Baptiste Bagaza;0;;
Bangladesh;BNG;11;8;1976;1;BG Musharaf;7;;
Benin;BEN;1;16;1977;2;unspecified;8;;
Ethiopia;ETH;2;3;1977;1;Lt. Col. Mengistu Haile Mariam;999;;
Ethiopia;ETH;2;3;1977;2;unspecified;10;;
Sudan;SUD;2;3;1977;2;Philip Abbas Gaboush;9;;
Congo-Brazzaville;CON;3;18;1977;2;Capt. K. Kadidi, Massemba-Debat;1;;
Thailand;THI;3;26;1977;2;Gen. Chalard Hiranyasiri;2;;
Chad;CHA;4;1;1977;2;SubLt. Brahim Abakar Koumba;17;;
Cambodia;CAM;4; ;1977;2;unspecified;999;;
Angola;ANG;5;27;1977;2;Cdr. Nito Alves, Jose van Dunen;200;;
Ghana;GHA;5;;1977;2;LTC George Minyila, Attoh Quarshie;0;;
Comoros;COM;6;4;1977;2;unspecified;999;;
Cape Verde;CAP;6;14;1977;3;"unspecified; 40 arrested";0;;
Pakistan;PAK;7;5;1977;1;Gen. Mohammed Zia ul-Haq;0;1;
Cambodia;CAM;9;;1977;2;unspecified;999;;
Bangladesh;BNG;10;2;1977;2;unspecified;230;;
Thailand;THI;10;20;1977;1;Adm. Sa-ngad Chaloryu;0;;
Honduras;HON;10;21;1977;2;junior officers (unspecified);0;;
Togo;TOG;10;;1977;3;unspecified;0;;
Comoros;COM;1;14;1978;3;incl. Ali Mohamed;0;;
Mali;MLI;2;28;1978;2;Col. Kissima Doukara, Tiecoro Bagayoko;0;;
Cambodia;CAM;2;;1978;3;administrators of 4 provinces;500;;
Bolivia;BOL;3;23;1978;3;unspecified;0;;
Bolivia;BOL;4;4;1978;3;unspecified;0;;
Somalia;SOM;4;9;1978;2;unspecified;20;;
Afghanistan;AFG;4;27;1978;1;"Col. Abdul Qadir; Nur Muhhamad Taraki";35;;
Comoros;COM;5;12;1978;1;Bob Denard, Ahmed Abdallah Abderemane, Said Atthoumani;999;;
Cambodia;CAM;5;;1978;2;unspecified;999;;
South Yemen;YPR;6;26;1978;1;Ali Nassar Mohammed;600;;
Ghana;GHA;7;5;1978;1;Gen. F.W.K. Akuffo;0;;
Mauritania;MAA;7;10;1978;1;LTC Ould Salek;0;;
Bolivia;BOL;7;21;1978;1;Gen. Juan Peredo Asbun;0;;
Honduras;HON;8;7;1978;1;Gen. Policarpo Paz Garcia;0;;
Congo-Brazzaville;CON;8;14;1978;3;Mssrs. Miakassissa, Kolela, Finamantsiona, Mouzabakani;0;;
Nicaragua;NIC;8;28;1978;2;LTCs Larios & Montalba;0;;
North Yemen;YAR;10;15;1978;2;Majs. Fallah, Nassar, el Razi;31;;
Bolivia;BOL;10;29;1978;4;unspecified;0;;
Bolivia;BOL;11;24;1978;1;Gen. David Padilla Arancibia;0;;
Guinea-Bissau;GNB;11;;1978;2;Malam Sanha;200;;
Afghanistan;AFG;3;27;1979;1;Hafizullah Amin;1;;
Ghana;GHA;5;15;1979;2;Flt-Lt. Jerry Rawlings;1;;
Ghana;GHA;6;4;1979;1;Flt-Lt. Jerry Rawlings;21;;
Iraq;IRQ;7;28;1979;2;incl. A. Hussein al-Hamdani, M.A.H. Mashhadi, M. Mahjoub, M. Ayesh, G. Abdel-Jalil;0;;
Equatorial Guinea;EQG;8;3;1979;1;Col. Teodoro Obiang Nguema Mbasogo;250;;
Central African Rep.;CEN;9;20;1979;1;David Dacko;999;;
Afghanistan;AFG;10;15;1979;2;unspecified;0;;
El Salvador;SAL;10;15;1979;1;Cols. Jaime Abdul Gutierrez? Adolfo Arnoldo Majano;28;;
Bolivia;BOL;11;1;1979;1;Col. Alberto Natusch Busch;0;;
Spain;SPN;11;17;1979;2;LTC Antonio Tejero Molina;0;;
South Korea;ROK;12;12;1979;2;Gen. Chun Doo Hwan;3;;
Afghanistan;AFG;12;27;1979;1;Babrak Karmal;3000;;
Saudi Arabia;SAU;12;;1979;4;unspecified;0;;
Mauritania;MAA;1;4;1980;1;LTC Mohamed Khouna Ould Heydalla;999;;
Iran;IRN;1;16;1980;2;unspecified army officers;999;;
Spain;SPN;1;;1980;4;incl. Gen. Luis Torres Rojas;0;;
Suriname;SUR;2;25;1980;1;"Sgts. Neede, Sital, Abrahams, Horb, Mijnals, Joeman, Bouterse; Lt. Van Rey";999;1;
Liberia;LBR;3;7;1980;4;Gabriel Matthews;0;;
Liberia;LBR;4;12;1980;1;MSGT Samuel Kanyon Doe;1;;
Liberia;LBR;4;14;1980;2;Maj. William Jerbo;1;;
Suriname;SUR;5;6;1980;2;"Frits Ormskerk; Johannes Cornelis Krol; Jan Pronk";1;;
Uganda;UGA;5;12;1980;1;Brig. David Oyite-Ojok, Paulo Muwanga, Yoweri Musaveni;0;;
Liberia;LBR;5;18;1980;2;Bernie Warner;0;;
Rwanda;RWA;5;;1980;4;incl. Maj. Theonaste Lizinde;0;;
Tanzania;TAZ;6;26;1980;2;unspecified;0;;
Iran;IRN;6;;1980;2;unspecified;96;;
Jamaica;JAM;6;;1980;4;incl. H. Charles Johnson;0;;
Bolivia;BOL;7;17;1980;1;Gen. Luis Garcia Meza;30;;
Suriname;SUR;8;15;1980;1;Sgt-Maj. Desi Bouterse;0;1;
Turkey;TUR;9;10;1980;1;Gen. Kenan Evren;999;1;
Zambia;ZAM;10;16;1980;2;incl. MG Kabwe, Mr. Musakanya, Mr. Shamwara, BG Miyanda;2;;
Bangladesh;BNG;10;17;1980;2;4 colonels incl. Col. Alam, Col. Rashid;0;;
Guinea-Bissau;GNB;11;14;1980;1;Maj. Joao Bernardo Vieira;999;;
Nicaragua;NIC;11;17;1980;2;Jorge Salzar Arguello;999;;
Burkina Faso;BFO;11;25;1980;1;Col. Saye Zerbo;0;1;
Mali;MLI;12;30;1980;3;Adj. Aladje Djire, Adj. Karim Sissoko, Sekou Sonogo;0;;
Cote d'Ivoire;IVO;;;1980;2;unspecified;999;;
Comoros;COM;2;14;1981;4;various;0;;
Spain;SPN;2;23;1981;2;LTC Molina;0;;
Mauritania;MAA;3;16;1981;2;LTC Ould Sidi, LTC Abdelkader;28;;
Sudan;SUD;3;;1981;3;BG Saad Buhar;0;;
Suriname;SUR;3;15;1981;2;Sgt-Maj. Willem Hawker;1;;
Thailand;THI;4;1;1981;2;Gen. Sant Chitpatima;0;;
Equatorial Guinea;EQG;4;10;1981;2;Pedro Ekong, Angel Masie Ntutumu, Andres Moises Mba;17;;
Bangladesh;BNG;5;30;1981;2;MG Mohammed Abul Manzur;100;;
Liberia;LBR;5;;1981;4;unspecified NCOs & soldiers;0;;
Zambia;ZAM;6;14;1981;3;unspecified;0;;
Bolivia;BOL;6;27;1981;2;Gens. Cayoja & Anez;0;;
Gambia;GAM;7;29;1981;2;Kukli Samba Sanyang;650;;
Bolivia;BOL;8;3;1981;2;Gen. Lucio Añez Rivero, Gen. Alberto Natusch Busch;0;;
Central African Rep.;CEN;9;1;1981;1;Gen. Andre Kolingba;0;;
Poland;POL;12;12;1981;1;Gen. Jaruzelski;999;;
Bahrain;BAH;12;13;1981;4;unspecified;0;;
Ghana;GHA;12;31;1981;1;supporters of Rawlings;50;1;
Madagascar;MAG;1;24;1982;4;incl. Col. Rasolofo, Fr. J. Randrianoelisoa, A. Rakotozafy;0;;
Syria;SYR;1;;1982;2;unspecified;50;;
Mauritania;MAA;2;6;1982;2;Col. Ould Salek, et al;0;;
Suriname;SUR;3;11;1982;2;Sgt-Maj. Willem Hawker;12;;
Guatemala;GUA;3;23;1982;1;dissident young officers, Rios Montt;0;;
Bangladesh;BNG;3;24;1982;1;LTG Hossain Mohammed Ershad;0;;
Chad;CHA;6;7;1982;1;Hissene Habre;999;;
Iran;IRN;6;27;1982;2;Col. Azar Dahkam;0;;
Guinea-Bissau;GNB;7;;1982;3;Joao Da Costa, Maj. Leopoldo Alfama, Honorio Fonseca;0;;
Kenya;KEN;8;1;1982;2;unspecified;159;;
Guatemala;GUA;8;14;1982;2;Leonel Sisniego Otero;0;;
Spain;SPN;10;1;1982;3;Col. Jesus Cuspinera, LTC Jose Cuspinera, Col. Luis Gutierrez;0;;
Guatemala;GUA;10;20;1982;2;incl. Edgardo Ponciano, Col. Gordillo Martinez;0;;
Burkina Faso;BFO;11;7;1982;1;Maj. Jean-Baptiste Ouedraogo;20;;
Ghana;GHA;11;23;1982;2;followers of Sgt. Alolga Akata-Pore;0;;
Suriname;SUR;12;8;1982;4;opposition leaders;15;;
Romania;RUM;1;;1983;4;unspecified;0;;
Tanzania;TAZ;1;;1983;3;Hatty Maghee and more than 30 others;0;;
Togo;TOG;1;;1983;3;Gilchrist Olympio;;;
Suriname;SUR;1;30;1983;3;"Maj. Roy Horb, Lt. John Hardjoprajitno; Jan Sariman";0;;
Swaziland;SWA;2;;1983;4;unspecified;0;;
Central African Rep.;CEN;3;3;1983;2;Ange Patasse, Gen. Alphonse Mbaikoua, Gen. Francios Bozize;5;;
Equatorial Guinea;EQG;5;11;1983;2;Sgt. Venancio Miko Obiang;0;;
Ghana;GHA;6;19;1983;2;LTC Ekow Dennis, Capt. Edward Adjei-Ampofo;26;;
South Africa;SAF;7;;1983;3;incl. MG Charles Sebe;0;;
Burkina Faso;BFO;8;4;1983;1;Capt. Thomas Sankara;13;;
Guatemala;GUA;8;8;1983;1;BG Oscar Mejia Victores;999;;
Cameroon;CAO;8;22;1983;3;Maj. Ibrahim Oumharou, Capt. Adamou Saleh, former President Ahamdou Ahidjo;0;;
Panama;PAN;9;14;1983;4;Col. Diaz Herrera;0;;
Trinidad & Tobago;TRI;9;;1983;3;"unspecified ""Black Muslim"" group";0;;
Niger;NIR;10;5;1983;2;Mahamane Sidikou, Lt. Amadou Oumarou, Lt-Col. Seybou, Capt. Mamane Ousseini;0;;
Liberia;LBR;11;21;1983;4;BG Thomas Quiwonkpa;4;;
Suriname;SUR;11;25;1983;3;"Oemperkash Gobardham; Henck Chin-a-Sen ";0;;
Lesotho;LES;12;19;1983;4;Charles Molap;999;;
Nigeria;NIG;12;31;1983;1;MG Mohammed Buhari;25;1;
Swaziland;SWA;12;;1983;3;incl. Prince Matatazela, Princess Neane, Princess Buyisile, Royal Wife Lamndzebele;0;;
Guinea;GUI;1;10;1984;3;incl. M. Fedeba Keita, Col. Kaman Diaby;0;;
Pakistan;PAK;1;;1984;2;unspecified;1;;
Guinea-Bissau;GNB;3;10;1984;4;Prime Minister Vito Saude Maria and others;0;;
Swaziland;SWA;3;20;1984;3;unnamed;0;;
Ghana;GHA;3;23;1984;4;unspecified;5;;
Suriname;SUR;4;1;1984;3;"Oskar Kluis; John Barrow; Movement for the Liberation of Suriname";0;;
Guinea;GUI;4;3;1984;1;incl. Col. Lansana Conte;0;;
Cameroon;CAO;4;6;1984;2;Capt. Ibrahim Saleh, former President Ahmadou Ahidjo;750;;
Iran;IRN;5;28;1984;2;unspecified;0;;
Bolivia;BOL;6;30;1984;2;Col. Rolando Saravia Ortuno;0;;
Swaziland;SWA;6;;1984;2;Prince Sozisa;0;;
Sudan;SUD;7;;1984;3;Mohammed Kati Gibriel;0;;
Liberia;LBR;8;;1984;4;Dr. Sawyer, Col. Borteh, Col. Jorwley, Mr. Kieh;0;;
Nigeria;NIG;10;;1984;3;unspecified;0;;
Liberia;LBR;11;3;1984;4;unspecified;0;;
Mauritania;MAA;12;12;1984;1;Col. Moaouia Taya;0;;
Iraq;IRQ;12;20;1984;2;unspecified;62;;
Bolivia;BOL;12;29;1984;4;Gen. Jose Olvio Arias;0;;
Bolivia;BOL;1;16;1985;3;Col. Saravia;0;;
Comoros;COM;3;8;1985;4;incl. Mustapha Said Cheikh;3;;
Sudan;SUD;4;6;1985;1;Gen. Abdel Rahman Swar el Dahab;999;;
Guinea;GUI;7;4;1985;2;Col. Traore;57;;
Uganda;UGA;7;27;1985;1;BG Bazilio Olara Okello;0;;
Nigeria;NIG;8;27;1985;1;MG Ibrahim Babangida;1;;
Thailand;THI;9;9;1985;2;incl. Col. Manoon Rupkachorn, Wing Comm. Manat Rupkachorn;5;;
Sudan;SUD;9;25;1985;2;Col. Garang, Yacoub Ismail, Youssef Kewa;2;;
Guinea-Bissau;GNB;11;7;1985;4;incl. Col. Paulo Correira (1st VP);7;;
Liberia;LBR;11;12;1985;2;Brig.Gen. Thomas Quiwonkpa;800;;
Malaysia;MAL;11;19;1985;4;Haji Ibrahim Mahmud;18;;
Nigeria;NIG;12;;1985;3;incl. MG Vatsa;0;;
South Yemen;YPR;1;13;1986;1;Ismail, Col. Antar, Haidar Abu Bakr al Attas;2000;;
Lesotho;LES;1;20;1986;1;Maj-Gen. Justin Lekhanya;0;;
Sierra Leone;SIE;3;;1986;3;incl. Edison Gorvie, Capt. Abdul Kamara;0;;
Uganda;UGA;3;;1986;4;unspecified;0;;
Philippines;PHI;7;6;1986;2;Arturo Tolantino;0;;
Equatorial Guinea;EQG;7;19;1986;2;Eugenio Abeso Mondu;999;;
Suriname;SUR;7;28;1986;3;US mercenaries arrested in New Orleans;0;;
Uganda;UGA;9;2;1986;4;unspecified;0;;
Liberia;LBR;9;4;1986;3;"three arrested in Nimba; foreign dissidents";0;;
Togo;TOG;9;23;1986;2;Gilchrist Olumpio, Capt. Francisco Lawson;26;;
Uganda;UGA;10;;1986;4;incl. Panlo Muwanga, Dr. Kayiira, M. Lwanga, Mr. Nyanzi;0;;
Philippines;PHI;11;22;1986;3;Mr. Enrile;0;;
Uganda;UGA;1;6;1987;4;unspecified;0;;
Philippines;PHI;1;27;1987;2;Col. Oscar Canlas;1;;
Afghanistan;AFG;1;;1987;4;supporters of Karmal;0;;
Sierra Leone;SIE;3;23;1987;2;incl. Mr. Minah (1st VP);1;;
Syria;SYR;5;10;1987;4;unspecified;40;;
Fiji;FJI;5;14;1987;1;LTC/Brig Sitiveni Rabuka;0;1;
United Arab Emirates;UAE;6;16;1987;2;Sheikh Abdel Aziz bin Muhammed al Qassimi;0;;
Philippines;PHI;8;27;1987;2;Col. Gregorio Honasan;3;;
Burundi;BUI;9;3;1987;1;Maj. Pierre Buyoya;0;;
Burkina Faso;BFO;10;15;1987;1;Capt. Blaise Campaore;100;;
Mauritania;MAA;10;22;1987;3;incl. Lt. Ba Seydi, Lt. Sarr Amadou, Lt. Sy Saidou;0;;
Tunisia;TUN;11;7;1987;1;Gen. Zine el-Abidine Ben Ali;0;;
Comoros;COM;11;30;1987;2;members of Presidential Guard;999;;
Tanzania;TAZ;1;;1988;4;unspecified;0;;
Panama;PAN;3;16;1988;2;Col. Lenida Macias;0;;
Liberia;LBR;3;22;1988;4;incl. William Kpolleh;0;;
Benin;BEN;3;26;1988;2;Capt. Hountoundji;0;;
Guatemala;GUA;5;11;1988;2;unspecified;0;;
Haiti;HAI;6;19;1988;1;Gen. Henri Namphy;0;;
Somalia;SOM;6;23;1988;2;LTG Mohammed Ali Samater;0;;
Equatorial Guinea;EQG;8;;1988;4;several;0;;
Haiti;HAI;9;17;1988;1;Brig-Gen. Prosper Avril;999;;
Burma (Myanmar);MYA;9;18;1988;1;Gen. Saw Maung;999;;
Zambia;ZAM;10;7;1988;4;LTG Christon Tembo;999;;
Paraguay;PAR;2;3;1989;1;Gen. Andres Rodriguez;17;;
Chad;CHA;4;1;1989;2;Brahim Itno, Hassan Djamoussi, Idriss Deby;999;;
Haiti;HAI;4;2;1989;2;LTC Himmler Rebu, Leopold battalion;4;;
Haiti;HAI;4;5;1989;2;soldiers of Dessalines battalion;25;;
Guatemala;GUA;5;9;1989;2;incl. Capt. Romeo Guevara Reyes;0;;
Ethiopia;ETH;5;16;1989;2;MG Merid Negusie, MG Amha Desta;400;;
Sudan;SUD;6;30;1989;1;BG Omar Hassan Ahmad al-Bashir;0;1;
Madagascar;MAG;7;;1989;2;unspecified;0;;
Panama;PAN;10;3;1989;2;Maj. Moises Giroldi Vega;0;;
Bulgaria;BUL;11;10;1989;1;Petur Mladenov;0;;
Philippines;PHI;12;1;1989;2;Col. Gregorio Honasan;0;;
Lesotho;LES;2;19;1990;3;Col. T. Letsie, Lt-Col. J. S. Letsie, Col. A. K. Mosoeunyane, Maj. P. M. Mokhanto;0;;
Soviet Union;USR;2;;1990;4;unspecified;22;;
Papua New Guinea;PNG;3;14;1990;2;Paul Tohian;0;;
Afghanistan;AFG;3;;1990;2;LTG Shahnawaz Tanay;200;;
Nigeria;NIG;4;22;1990;2;Maj. Gideon  Okar;10;;
Sudan;SUD;4;23;1990;4;incl. MG Khalid al Zayn Ali, MG Abdul Kader, BG Mohammed Osman Hamed Kavar;31;;
Madagascar;MAG;5;13;1990;2;incl. Joma Ernest, Jean-Jacques Rafalimanana;35;;
Zambia;ZAM;6;30;1990;2;Lt. Mwamba Luchembe;0;;
Trinidad & Tobago;TRI;7;27;1990;2;Imam Ysih Abu Bakr;30;;
South Korea;ROK;8;21;1990;4;unspecified;0;;
Sudan;SUD;9;12;1990;2;Non-commissioned officers (Nuba);15;;
Philippines;PHI;10;4;1990;2;Col. Alexander Noble;0;;
Panama;PAN;10;16;1990;4;Col. Eduardo Herrera;0;;
Laos;LAO;10;;1990;4;Thongsouk Saisanakhi, Latsami Khamphoui;0;;
Mauritania;MAA;11;;1990;2;unspecified;0;;
Chad;CHA;12;1;1990;1;Idriss Deby;5000;;
Argentina;ARG;12;3;1990;2;in support of Col. Mohamed Ali Scineldin;21;;
Panama;PAN;12;5;1990;4;Col. Herrara;0;;
Suriname;SUR;12;24;1990;1;"Cmd. Iwan Granoogst; Col. Desi Bouterse";0;;
Djibouti;DJI;1;8;1991;2;incl. Ali Aref Bourhan;1;;
North Korea;PRK;2;5;1991;4;unspecified;0;;
Thailand;THI;2;23;1991;1;Gen. Sunthorn Kongsompong;0;;
Sudan;SUD;4;16;1991;4;army officiers;20;;
Lesotho;LES;4;30;1991;1;Col. Elias Tutsoane Ramaema;0;;
Tunisia;TUN;5;;1991;4;unspecified;2;;
Haiti;HAI;6;6;1991;2;Roger Lafontant;100;;
Mozambique;MZM;6;24;1991;3;incl. Col. Antonio, ColGen. Mabote;0;;
Mali;MLI;7;14;1991;2;Maj. Lamine Diabira;0;;
Cote d'Ivoire;IVO;7;23;1991;4;junior soldiers;15;;
Cambodia;CAM;7;27;1991;2;Chea Sim;3;;
Cote d'Ivoire;IVO;7;;1991;2;unspecified;15;;
Comoros;COM;8;3;1991;2;Ibrahim Ahmed Halidi;0;;
Soviet Union;USR;8;21;1991;2;"Gennady Yanavev, Valentin Pavlov, Vladimir Kryuchkov, ""Gang of Eight""";999;;
Sudan;SUD;8;23;1991;4;unspecified;0;;
Togo;TOG;8;26;1991;2;Pres. Eyadema attempt to suspend national transition conference;0;;
Tunisia;TUN;9;7;1991;4;unspecified;0;;
Haiti;HAI;9;30;1991;1;Brig-Gen. Raoul Cedras;26;;
Iraq;IRQ;9;;1991;2;Sa'adoun Hammadi;0;;
Togo;TOG;10;1;1991;2;Lt. Gnassingbe Ta, Maj. Marusse Djoua;0;;
Chad;CHA;10;13;1991;2;Maldom Bada Abbas;4;;
Panama;PAN;10;;1991;4;incl. Maj. Saldana, Lt. Rodriguez;0;;
Togo;TOG;11;28;1991;2;troops loyal to Eyadema;0;;
Togo;TOG;12;3;1991;2;rebel soldiers;17;;
Iraq;IRQ;12;;1991;2;unspecified;80;;
Sudan;SUD;2;2;1992;4;unspecified;0;;
Venezuela;VEN;2;4;1992;2;Lt.Col. Hugo Chavez Frias;14;;
Iraq;IRQ;2;19;1992;4;BG Jasim Ali;90;;
Chad;CHA;2;21;1992;2;unspecified;13;;
Burundi;BUI;3;4;1992;2;Former President Jean-Baptiste Bagaza;0;;
Afghanistan;AFG;4;15;1992;1;"Muhaheddin guerrillas; Ahmed Shah Masud";999;;
Sudan;SUD;4;15;1992;4;unspecified;0;;
Sierra Leone;SIE;4;30;1992;1;Capt. Valentine Strasser;999;;
Benin;BEN;5;;1992;2;Pascal Tawes;0;;
Chad;CHA;6;18;1992;2;Col. Abbas Koty;0;;
Iraq;IRQ;6;;1992;2;unspecified;999;;
Madagascar;MAG;7;29;1992;2;unspecified;0;;
Comoros;COM;9;26;1992;2;Lt. Abderamane Abdallah, Lt. Cheikh Abdallah;0;;
Tajikistan;TAJ;10;;1992;2;supporters of Rakhmon Nabiyev;0;;
Peru;PER;11;13;1992;2;Jaime Salinas Sedo, Jose Pastor Vives, Luis Palomino Rodriguez;0;;
Venezuela;VEN;11;27;1992;2;incl. Luis Cabrera Auirre, R.Adm. Hernan Gruber Odreman, Brig.Gen. Visconti;169;;
Sierra Leone;SIE;12;28;1992;2;unspecified;999;;
Iraq;IRQ;12;;1992;4;unspecified;999;;
North Korea;PRK;;;1992;4;unspecified;0;;
Chad;CHA;1;27;1993;2;Col. Toke;0;;
Guinea-Bissau;GNB;3;;1993;4;unspecified;0;;
Zambia;ZAM;3;;1993;4;incl. Maj. Wezi Kuanda, Tilyenji Kuanda, Panji Kuanda;0;;
Guatemala;GUA;5;25;1993;2;Pres. Jorge Serrano;0;;
Burundi;BUI;7;3;1993;2;officers loyal to Buyoya;0;;
Cameroon;CAO;8;;1993;3;Maj. Oumharou, Capt. Salaton;0;;
Sierra Leone;SIE;10;16;1993;4;unspecified;0;;
Burundi;BUI;10;21;1993;2;LTG Bikomagu, Francois Ngeze;150000;;
Italy;ITA;10;;1993;4;Gen. Franco Monticone;0;;
Libya;LIB;10;;1993;2;Maj. Addel Salem Jalloud;999;;
Nigeria;NIG;11;17;1993;1;Gen. Sanni Abacha;0;;
Mali;MLI;12;9;1993;3;Lt-Col. Oumar Diallo;0;;
Burundi;BUI;4;25;1994;2;Tutsi paratroopers;999;;
Cameroon;CAO;5;;1994;3;Cdr. Mbia Meka;0;;
Gambia;GAM;7;23;1994;1;Lt. Yahya Jammeh;0;1;
Cambodia;CAM;7;;1994;4;Norodom Chakkra Pong, Gen. Sin Song;0;;
Lesotho;LES;8;17;1994;2;King Letsie III;5;;
Liberia;LBR;9;7;1994;1;Tom Woewieyu;999;;
Liberia;LBR;9;15;1994;2;Charles Julue;999;;
Azerbaijan;AZE;10;;1994;2;Ravshan Javadov;0;;
Gambia;GAM;11;10;1994;2;Lt. Basiru Borrow;50;;
Gambia;GAM;1;27;1995;2;Lts. Sana Sabally & Sadibu Hydara;999;;
Iraq;IRQ;1;;1995;3;unspecified;999;;
Panama;PAN;1;;1995;3;unspecified;0;;
Iraq;IRQ;3;5;1995;4;Maj.Gen.(retd) Wafiq Samaraii;999;;
Azerbaijan;AZE;3;13;1995;2;Ravshan Javadov;0;;
Nigeria;NIG;3;;1995;3;incl. Gen. Obasanjo;0;;
Iraq;IRQ;5;14;1995;2;Gen. Mohammad Mazlum al-Dulaimi;200;;
Qatar;QAT;6;27;1995;1;Sheikh Hamad bin Khalifa at Thani;0;;
Armenia;ARM;7;29;1995;2;Vagan Ovanesyan;0;;
Azerbaijan;AZE;7;;1995;2;Ayaz Mutalibov;0;;
Comoros;COM;9;27;1995;2;Bob Denard (mercenary);3;;
Pakistan;PAK;9;;1995;3;BG Billa or MG Abbasi;0;;
Sierra Leone;SIE;10;2;1995;2;unspecified;999;;
Cote d'Ivoire;IVO;10;;1995;2;unspecified;0;;
Cote d'Ivoire;IVO;10;;1995;2;unspecified;0;;
Mauritania;MAA;10;;1995;4;unspecified;0;;
Zimbabwe;ZIM;10;;1995;4;Rev. Ndaboningi Sithole;0;;
Benin;BEN;11;15;1995;2;incl. Col. Dankoro, Mr. Chidiac;1;;
Sierra Leone;SIE;1;16;1996;1;BG Julius Maada Bio;0;;
Niger;NIR;1;27;1996;1;Col. Ibrahim Barre Mainassara;2;1;
Guinea;GUI;2;2;1996;2;unspecified;0;;
Qatar;QAT;2;20;1996;2;Sheikh Hamad bin Jasiem bin Hamad al Thani;0;;
Lesotho;LES;2;29;1996;3;Makara Sekautu, Matsoso Bolofo, Lepoko Molapo, David Jonathan;0;;
Sudan;SUD;3;7;1996;4;unspecified;0;;
Paraguay;PAR;4;22;1996;2;Gen. Lino Oviedo;0;;
Bangladesh;BNG;5;20;1996;2;LTG Abu Saleh Mohammed Nasim;999;;
Burundi;BUI;7;25;1996;1;army;6000;;
Iraq;IRQ;7;;1996;4;unspecified;150;;
Sierra Leone;SIE;9;8;1996;2;unnamed sergeant;0;;
Mali;MLI;10;27;1996;3;Mady Diallo;0;;
Azerbaijan;AZE;10;;1996;2;Mutalibov, Surat Guseinov;0;;
Central African Rep.;CEN;11;15;1996;2;unspecified (army mutiny);999;;
Azerbaijan;AZE;2;;1997;4;Mutalibov;0;;
Guinea;GUI;3;17;1997;4;unspecified;0;;
Sierra Leone;SIE;5;25;1997;1;Maj. Johnny Paul Koroma;999;;
Cambodia;CAM;7;5;1997;1;Hun Sen;70;1;
Congo-Brazzaville;CON;10;15;1997;1;former Pres. Sassou-Nguesso;999;1;
Zambia;ZAM;10;28;1997;2;Capt. Stephen Lungu;1;;
Nigeria;NIG;12;;1997;3;incl. LTG Diya, MG Adisa, MG Olarenwaju;0;;
Niger;NIR;1;2;1998;4;Hama Amadou, Issoufou Assoumane, Mohamed Bazoum;0;;
Azerbaijan;AZE;1;;1998;4;Tasul Guliyev;0;;
Belarus;BLR;1;;1998;4;opposition parties;999;;
Guinea-Bissau;GNB;6;7;1998;2;Gen. Ansumane Mane;2;;
Albania;ALB;9;13;1998;2;supporters of Berisha;0;;
Zimbabwe;ZIM;12;;1998;4;unspecified;0;;
Comoros;COM;4;30;1999;1;Col. Azali Assoumani;0;1;
Guinea-Bissau;GNB;5;7;1999;1;Gen. Mane;300;;
Georgia;GRG;5;;1999;3;Igor Giorgadze;0;;
Honduras;HON;7;30;1999;2;unspecified;0;;
Pakistan;PAK;10;12;1999;1;Gen. Musharraf;0;1;
Armenia;ARM;10;;1999;2;Nairi Hunanian;8;;
Cote d'Ivoire;IVO;12;24;1999;1;Gen. Robert Guei;999;;
Ecuador;ECU;1;21;2000;2;Cols. Lucio Guitierrez Norge Brito, Fausto Cobos;0;;
Iraq;IRQ;1;;2000;3;BG Abd al-Karim al-Dulaymi;38;;
Comoros;COM;3;21;2000;2;Capt. Abderame Ahmed Abdallah;0;;
Azerbaijan;AZE;3;;2000;4;Rasul Guliev;0;;
Paraguay;PAR;5;18;2000;2;Gen. Oviedo;0;;
Fiji;FJI;5;19;2000;2;George Speight;1;;
Cote d'Ivoire;IVO;9;19;2000;2;unspecified;10;;
Haiti;HAI;10;16;2000;2;unspecified;0;;
Cambodia;CAM;11;24;2000;2;Chhun Yasith;8;;
Fiji;FJI;11;;2000;2;Ratulnoke Takiveikata;999;;
Guinea-Bissau;GNB;11;;2000;2;Gen. Mane;10;;
Djibouti;DJI;12;7;2000;2;Gen. Yasin Yabeh;2;;
Cote d'Ivoire;IVO;1;7;2001;2;unspecified;11;;
Malawi;MAW;3;26;2001;4;unspecified;0;;
Burundi;BUI;4;18;2001;2;Lt. Paseur Ntarutimana;0;;
Philippines;PHI;4;29;2001;4;supporters of Estrada;4;;
Central African Rep.;CEN;5;28;2001;2;Andre Kolingba (alleged);300;;
Zimbabwe;ZIM;5;;2001;4;Air Marshal Perence Shiri;0;;
Burundi;BUI;7;22;2001;2;unspecified;3;;
Guinea-Bissau;GNB;12;2;2001;4;incl. Almane Alam Camara, Lamine Sanha;0;;
Burma (Myanmar);MYA;3;7;2002;3;Ne Win, Sandar Win, Aye Zaw Win;0;;
Afghanistan;AFG;4;4;2002;2;supporters of Gulbuddin Hekmatyar;999;;
Venezuela;VEN;4;12;2002;2;incl. Gen. Luis Rincon, Gen. Efrain Vasquez Verasco;0;;
Turkmenistan;TKM;4;;2002;4;Muhammad Nazarov;0;;
Cote d'Ivoire;IVO;9;;2002;4;"1st Guei accused; then Ouattara was accused";1;;
Nepal;NEP;10;4;2002;1;King Gyanendra;0;1;
Central African Rep.;CEN;3;15;2003;1;Gen. Francois Bozize;15;1;
Kyrgyzstan;KYR;5;15;2003;2;Adyl Karimov;999;;
Liberia;LBR;5;;2003;4;incl. VP Moses Blah;0;;
Mauritania;MAA;6;8;2003;2;Saleh Ould Hanenna;15;;
Philippines;PHI;7;27;2003;4;"""Oakwood Munity"" Capt. Gerardo Gambala; Capt. Milo Maestrecampo; Lt. Antonio Trillanes IV";0;;
Guinea-Bissau;GNB;9;14;2003;1;Gen. Verissimo Correira Seabre;0;1;
Burkina Faso;BFO;10;20;2003;4;Norbert Tiendrebeogo, Capt. Luther Diapagri Ouali;0;;
Guinea;GUI;11;;2003;3;unspecified;0;;
Equatorial Guinea;EQG;3;7;2004;3;"Severo Moto; Simon Mann";0;;
D. R. Congo (Zaire);ZAI;3;28;2004;2;unspecified;999;;
Nigeria;NIG;3;30;2004;3;"Maj. Hamza al-Mustapha; Lt-Col. Mohammed ibn Umar Adeka; Onwuchekwa Okorie; Navy Com.Yakubu Kudambo";0;;
Sudan;SUD;3;31;2004;3;Hasan Abdullah al-Turabi;0;;
D. R. Congo (Zaire);ZAI;6;11;2004;2;"Maj. Eric Lenge; members of presidential guard";999;;
Mauritania;MAA;8;10;2004;3;"Saleh Ould Hanenna; Fursan al-Taghyir (Knights of Change)";0;;
Sudan;SUD;9;25;2004;3;"Hasan Abdullah al-Turabi; JEM";0;;
Mauritania;MAA;9;27;2004;3;"Saleh Ould Hanenna; Fursan al-Taghyir (Knights of Change)";0;;
Ghana;GHA;11;6;2004;4;members of disbanded 64 Infantry Regiment (bodyguards to former-Pres. Rawlings;0;;
Oman;OMA;1;26;2005;3;members of the Ibadi society;0;;
Togo;TOG;2;5;2005;1;"Military; Faure Gnassingbe";0;;
Congo-Brazzaville;CON;4;10;2005;3;"Capt. Pandi Ngouari; Nguila Mougounga Nkombo";0;;
Guinea-Bissau;GNB;5;25;2005;4;Kumba Yalla;0;;
Mauritania;MAA;8;3;2005;1;Military Council for Justice and Democracy led by Col. Ely Ould Mohamed Vall;0;;
Azerbaijan;AZE;10;19;2005;4;"Farhad Aliyev; Rasul Guliev";0;;
Moldova;MLD;2;7;2006;4;Valeriu Pasat;0;;
Philippines;PHI;2;24;2006;3;Gregorio Honasan;0;;
Burundi;BUI;3;6;2006;3;unspecified;0;;
Zimbabwe;ZIM;3;9;2006;4;"Peter Hitschman; MDC";0;;
Chad;CHA;3;15;2006;3;unspecified;0;;
Gambia;GAM;3;21;2006;3;Col. Ndure Cham, Abdulaye Kujaby, Tamsir Jassy, Alieu Jobe;0;;
Guinea;GUI;4;4;2006;2;Prime Minister Cellon Dalein Diallo;0;;
Chad;CHA;4;13;2006;2;rebel forces;400;;
Mauritania;MAA;6;9;2006;3;Col. Abderramane Ould Lekour, Sid Mohammed Ould Faida, Mohammed Ould Aly;0;;
Philippines;PHI;7;24;2006;4;unspecified;0;;
Burundi;BUI;8;;2006;4;Alphonse-Marie Kadege, former-President Domitien Ndayizeye;0;;
Georgia;GRG;9;6;2006;4;Igor Giorgadze;0;;
Thailand;THI;9;19;2006;1;Gen. Sonthi Boonyaratglin;0;1;
Madagascar;MAG;11;;2006;4;Gen. Fidy Adrianafidisoa;0;;
Fiji;FJI;12;5;2006;1;Commodore Frank Bainimarama;0;1;
Bangladesh;BNG;1;11;2007;1;"Chief of Army Staff Lt-Gen. Moeen U. Ahmed; Chief Adviser Fakhruddin Ahmed; Maj-Gen. M.A. Matin";0;1;
Kazakhstan;KZK;5;28;2007;4;"Rakhat Aliyev; Alnur Musayev";0;;
Laos;LAO;6;4;2007;3;Gen. Vang Pao (arrested in USA);0;;
Lesotho;LES;6;15;2007;4;unspecified;0;;
Zimbabwe;ZIM;6;16;2007;4;"Albert Matapo; Emmerson Mnangagwa; Brig-Gen. Ambrose Paul Gunda";0;;
Sudan;SUD;7;14;2007;3;"Mubarak al-Fadhil al-Mahdi; Maj-Gen (retd) Ma'sh Muhammed Ali Hamid; Abd-al-Jalil al-Basha";0;;
Fiji;FJI;11;3;2007;3;"Ratu Inoke Takiveikata; Col. Metuisela Mua; Barbadoes Mills";0;;
Philippines;PHI;11;29;2007;2;"Antonio Trillanes; Brig-Gen. Danilo Lim";0;;
Turkey;TUR;1;26;2008;4;ultra-nationalist Ergenekon organization;0;;
Chad;CHA;2;2;2008;2;"Mahamat Nouri (UFDD); Timane Erdini (RFC); Abdelwahid Aboud Mackaye";165;;
East Timor;ETM;2;11;2008;2;"Maj. Alfredo Reinado; Gastao Salsinha";2;;
Sudan;SUD;5;10;2008;2;Justice and Equality Movement (JEM);200;;
Malawi;MAW;5;13;2008;3;"Gen. Joseph Chimbayo; Joseph Aironi; John Chikakwiya; Kennedy Makwangwala";0;;
Mauritania;MAA;8;6;2008;1;Gen. Mohamed Ould Abdel Aziz;0;1;
Guinea-Bissau;GNB;8;8;2008;2;Rear Adm. Jose Americo Bubo Na Tchute;0;;
Venezuela;VEN;9;11;2008;4;"Gen. Eduardo Baez; Vice Adm. Carlos Millan";0;;
Guinea-Bissau;GNB;11;23;2008;2;Alexandre Tchama Yala;2;;
Guinea;GUI;12;23;2008;1;Capt. Moussa Dadis Camara;0;;
Equatorial Guinea;EQG;2;11;2009;2;"Jose Abeso Nsue; Manuel Ndong Anseme; Alipio Ndong Asumu; Jacinto Micha Obiang";999;;
Togo;TOG;4;12;2009;3;Kpatche Gnassingbe;2;;
Bolivia;BOL;4;16;2009;3;Sanchez de Lozada, Carlos Sanchez Barzain, Jorge Berindoague Alcocer;0;;
Lesotho;LES;4;23;2009;2;"unspecified; South African and Mozambiquan mercenaries";3;;
Guinea;GUI;4;24;2009;3;"Lt-Col. Aboubacar Sidiki Camara; Adml. Aly Daffe; Capt. Saa Alphonse Toure; Capt. Abdoulaye Keita ";0;;
Ethiopia;ETI;4;25;2009;3;"Brig-Gen. Asamnew Tsige; Berhanu Nega, Ginbot 7 Movement";0;;
Georgia;GRG;5;5;2009;2;"Maj. Ghvaladze; Mukhrovani Tank Battalion";1;;
Guinea-Bissau;GNB;6;4;2009;2;Helder Proenca, Baciro Dabo;5;;
Gambia;GAM;11;21;2009;3;ex-army chief Lang Tombong Tamba and seven others;8;;
Burundi;BUI;1;29;2010;3;unspecified (13 soldiers arrested);0;;
Sri Lanka;SRI;1;29;2010;4;Gen-retd. Sarath Fonseka;0;;
Niger;NIR;2;18;2010;1;"Supreme Council for the Restoration of Democracy (CSRD); Maj. Salou Djibo";10;;
Turkey;TUR;2;22;2010;4;"20 senior military officers in ""Sledgehammer"" plot";0;;
Central African Rep.;CEN;3;14;2010;4;Ange-Felix Patasse;0;;
Gambia;GAM;3;18;2010;3;"Gen. Yankuba Drammeh; Rear Adm. Sarjo Fofona; Ensa Badjie ";9;;
Guinea-Bissau;GNB;4;1;2010;2;Gen.Antonio Indjai;0;;
Cameroon;CAO;7;17;2010;3;unspecified;999;;
Bahrain;BAH;9;5;2010;4;Abduljalil al-Singace, Hassan Ali Mushaima, Haq Movement of Liberty and Democracy;0;;
Ecuador;ECU;9;30;2010;2;Disgruntled police officers;0;;
Niger;NIR;10;14;2010;3;"Col. Abdoulaye Badie; Col. Abdou Sidikou; 2 others";0;;
Madagascar;MAG;11;17;2010;2;"Gen. Noel Rakotonandrasana; Col. Charles Andrianasoavavna; Raymond Ranjeva";0;;
Azerbaijan;AZE;1;20;2011;4;"Movsum Samadov; Islamic Party of Azerbaijan";0;;
D. R. Congo (Zaire);ZAI;2;27;2011;2;unspecified;6;;
Vietnam;VIE;5;30;2011;4;Vietnam Reform Party;0;;
Bahrain;BAH;6;12;2011;4;Matar Matar, Jawad Fairouz, Al Wefaq National Islamic Society;0;;
Niger;NIR;7;12;2011;3;unspecified;0;;
Guinea;GUI;7;19;2011;2;Former senior army officers;999;;
Iraq;IRQ;10;;2011;4;unspecified Sunni opposition leaders;999;;
Guinea-Bissau;GNB;12;26;2011;2;Rear Adm. Jose Americo Bubo Na Tchute;2;;
Bangladesh;BNG;1;19;2012;3;"Maj. Ziaul Haq; Lt.Col. Ehsan Yusuf; Maj. Rakir; Hizbut-Tahrir";0;;
Papua New Guinea;PNG;1;26;2012;2;Michael Somare;0;;
Mali;MLI;3;21;2012;1;Capt. Amadou Haya Sanogo;999;1;
Malawi;MAW;4;5;2012;3;"Peter Mutharika; Bright Msaka; Goodall Gondwe; and other government officials";0;;
Guinea-Bissau;GNB;4;12;2012;1;Gen. Antonio Indjai;0;1;
Mali;MLI;4;30;2012;2;"""Red Beret"" presidential guard troops";15;;
Cote d'Ivoire;IVO;6;8;2012;3;exiled military;7;;
Kyrgyzstan;KYR;10;3;2012;4;"Kamchybek Tashiyev; Sadyr Zhaparov; Talant Mamytov";0;;
Guinea-Bissau;GNB;10;21;2012;2;Capt. Pansau N'Tchama;7;;
Sudan-North;SDN;11;22;2012;3;Lt.Gen. Salah Abdallah Gosh;0;;
South Africa;SAF;12;18;2012;3;four white supremacists;0;;
Eritrea;ERI;1;21;2013;2;c200 mutinous soldiers;999;;
United Arab Emirates;UAE;1;28;2013;4;"94 people accused of being members of al-Islah; arrested in July/August 2012";0;;
Benin;BEN;2;22;2013;3;"Col. Pamphile Zamahoun; Johannes Dagnon";0;;
Comoros;COM;4;22;2013;3;Mahmoud Ahmed Abdallah, Patrick Klein;0;;
Chad;CHA;5;1;2013;3;"Gen. Weiddig Assi Assoue; Gen. Ngomine Beadmadji David; Mahamat Malloum; Saleh Makki";26;;
Uganda;UGA;5;5;2013;4;Gen. David Sejusa Tinyefuza;0;;
Egypt;EGY;7;3;2013;1;Gen. Abdul-Fattah el-Sisi;999;;
South Korea;ROK;8;28;2013;4;"Lee Seok-ki; members of United Progressive Party";0;;
South Sudan;SSU;12;15;2013;2;Riek Machar;66;;
Central African Rep.;CEN;12;26;2013;2;"Christian ""anti-Balaka"" militias";999;;
D. R. Congo (Zaire);ZAI;12;30;2013;2;Pastor Joseph Mukungubila Mutombo ;103;;
Venezuela;VEN;3;25;2014;4;three air force generals;0;;
Thailand;THI;5;22;2014;1;General Prayuth Chan-ocha;0;1;
Lesotho;LES;8;30;2014;2;Lt. Gen. Tlali Kamoli;0;;
Zimbabwe;ZIM;12;9;2014;4;Vice President Joice Mujuru;0;;
Gambia;GAM;12;30;2014;2;"Lamin Sanneh; Cherno Njie";3;;
Venezuela;VEN;2;12;2015;4;"Unnamed ""retired air force general"" and 13 others, including the mayor of Caracas, Antonio Ledezma";0;;
Burundi;BUI;5;13;2015;2;Maj. Gen. Godefroid Niyombare;12;;
Burkina Faso;BFO;9;16;2015;2;"Gen. Gilbert Diendéré;Presidential Security Regiment";10;;
Niger;NIR;12;18;2015;3;senior military officers;0;;
Angola;ANG;3;29;2016;4;Luanda Book Club;0;;
Kyrgyzstan;KYR;5;12;2016;3;"Bekbolot Talgarbekov; Marat Sultanov; Torobay Kolubayev";0;;
Uganda;UGA;6;7;2016;4;"Michael Kabaziguruka and ""dozens of military officers""";0;;
Turkey;TUR;7;15;2016;2;Gulenists;296;;
Montenegro;MNT;10;16;2016;3;twenty ethnic-Serbs;0;;
Indonesia;INS;12;2;2016;4;"Rachmawati Sukarnoputri; Ahmad Dhani; two former army generals; six others";0;;
Belarus;BLR;3;21;2017;4;unspecified;0;;
Kyrgyzstan;KYR;4;17;2017;3;"Bektur Asanov; Kubanychbek Kadyrov; Ernest Karybekov";0;;
Rwanda;RWA;9;20;2017;4;Boniface Twagirimana and eight others;0;;
Kyrgyzstan;KYR;9;30;2017;3;Kanatbek Isayev;0;;
Comoros;COM;8;14;2018;4;Several soldiers and prominent author, Said Ahmag Said Tourqi;0;;
Gabon;GAB;1;7;2019;2;"Junior officers ""national council for restoration""";2;;
Chad;CHA;2;12;2019;2;Union of Forces of Resistance (UFR);999;;
Sudan-North;SDN;4;11;2019;1;"Lt. Gen. Awad Mohamed Ahmed Ibn Auf; Lt. Gen. Abdel Fattah Abdelrahman Burhan";0;;
Sudan-North;SDN;6;12;2019;2;68 officers;0;;
Ethiopia;ETI;6;22;2019;2;"Gen. Asamnew Tsige; ethnic-Amhara militia";13;;
Sudan-North;SDN;7;12;2019;2;12 military and security officers and 4 soldiers;0;;
Philippines;PHI;7;18;2019;4;Vice President Leni Robredo and 36 opposition figues;0;;
Sudan-North;SDN;7;24;2019;2;"Lt. Gen. Hashim Abdelmutulab; Maj. Gen. Nasreldin Abdelfattah; Maj. Gen. Bahar Ahmed; Islamic Movement leaders: Ali Karti and Zubeir Ahmed El Hasan";0;;
Saudi Arabia;SAU;3;7;2020;4;Princes Ahmed bin Abdulaziz, Muhammadbin Nayaf, Nayef bin Ahmed, and Muhammad bin Saad;0;;
Mali;MLI;8;18;2020;1;Col. Assimi Goïta;4;;
United States;USA;1;6;2021;2;Pres. Donald Trump;5;;
Central African Rep.;CEN;1;13;2021;2;"Former Pres. François Bozizé; Coalition of Patriots for Change";999;;
Myanmar;MYA;2;1;2021;1;Gen. Min Aung Hlaing;600;;
Niger;NIR;3;31;2021;2;Capt. Sani Saley Gourouza;999;;
Jordan;JOR;4;3;2021;4;Crown Prince Hamzah bin Hussein;0;;
Mali;MLI;5;24;2021;1;Col. Assimi Goïta;0;;
Guinea;GUI;9;5;2021;1;Col. Mamady Doumbouya;999;;
Sudan-North;SDN;9;21;2021;2;Supporters of ousted Pres. Omar al-Bashir;999;;
Sudan-North;SDN;10;25;2021;1;Gen. Abdel Fattah al-Burhan;0;;
Ukraine;UKR;11;26;2021;3;Unnamed Ukrainian and Russian conspirators;0;;
;;;;;;;;;
;;;;;;;;;
;;;;;;;;;
;;;;;;;;;
;;;;;;;;;
;;;;;;;;;
;;;;;;;;;
;;;;;;;;;
